<application>
  <component name="FileTypeManager" version="17">
    <extensionMap>
      <mapping ext="wxss" type="CSS" />
      <mapping ext="wxml" type="HTML" />
      <mapping pattern="Newemployees" type="JavaScript" />
      <mapping pattern=".env" type="PLAIN_TEXT" />
      <mapping pattern=".gitkeep" type="PLAIN_TEXT" />
      <mapping ext="text" type="PLAIN_TEXT" />
      <mapping ext="java" type="PLAIN_TEXT" />
      <removed_mapping pattern=".env" approved="true" type="Native" />
    </extensionMap>
  </component>
</application>